name,photo,review_count,description,rating,latitude,longitude,transactions,price,address,city,zip,country,state,phone,yelp_id
Bottega Louie,https://s3-media1.fl.yelpcdn.com/bphoto/rAImnKvUNcNY8i6qEDWrZA/o.jpg,18264,Italian,4,34.047056,-118.256544,"[""delivery""]",$$,700 S Grand Ave,Los Angeles,90017,US,CA,+12138021470,TkFEKhsCixPWlShULKvMdQ
Bestia,https://s3-media2.fl.yelpcdn.com/bphoto/qourX-TmOyNBEQZxDqAwUA/o.jpg,7376,Italian,4.5,34.03402,-118.22919,"[""delivery""]",$$$,2121 E 7th Pl,Los Angeles,90021,US,CA,+12135145724,fEY0zHaDMfIW3-N__joDKQ
L'Antica Pizzeria Da Michele,https://s3-media2.fl.yelpcdn.com/bphoto/SCuuHjFSwNpuYxpncVDs9w/o.jpg,1839,Italian,4.5,34.09906083,-118.3373107,"[""pickup""]",$$$,1534 N Mccadden Pl,Los Angeles,90028,US,CA,+13233662408,88kri8FhXy8b3DQ_QjSMmQ
Pasta Sisters,https://s3-media2.fl.yelpcdn.com/bphoto/EPQ4QG9mbRqvon1ZO5u16Q/o.jpg,1952,Italian,4.5,34.0476,-118.317234,"[""pickup""]",$$,3343 W Pico Blvd,Los Angeles,90019,US,CA,+13238705271,AIhWsp8yNfKZfaX9d9Yajg
DeSano Pizza Bakery,https://s3-media2.fl.yelpcdn.com/bphoto/uPUePX2lRk6fkAObl37X9w/o.jpg,1668,Italian,4.5,34.09100997,-118.2977629,"[""pickup""]",$$,4959 Santa Monica Blvd,Los Angeles,90029,US,CA,+13239137000,fD4ntpbf92ufSHn5tSmSxA
Bacari W 3rd,https://s3-media1.fl.yelpcdn.com/bphoto/M_LLLThdYRdoW_mRAk5uNw/o.jpg,1017,Italian,4.5,34.07172,-118.36485,"[""pickup""]",$$,8030 3/4 W 3rd St,Los Angeles,90048,US,CA,+12139332327,y2eWXL2qbTW8tXyrEsfEqQ
Osteria La Buca,https://s3-media3.fl.yelpcdn.com/bphoto/xeVaSq6kS6WuT3OFj7yPJg/o.jpg,2219,Italian,4,34.08333668,-118.3139372,"[""pickup""]",$$$,5210 Melrose Ave,Los Angeles,90038,US,CA,+13234621900,GKQApReu8U9hip4A2ApJ_A
Concerto,https://s3-media1.fl.yelpcdn.com/bphoto/W0PtAkmnwrk0wf7bcwOoDA/o.jpg,1394,Italian,4,34.063071,-118.306414,"[""delivery""]",$$,610 S Serrano Ave,Los Angeles,90005,US,CA,+12137380909,IMoMSsC3oDqcNZCQXyo8iQ
Maccheroni Republic,https://s3-media4.fl.yelpcdn.com/bphoto/I-4SnHvaWothASzVaMhVYw/o.jpg,3806,Italian,4.5,34.05002828,-118.248528,"[""delivery""]",$$,332 S Broadway,Los Angeles,90013,US,CA,+12133469725,gd6PYDx-leOM97a3MWoO1g
Osteria Mozza,https://s3-media4.fl.yelpcdn.com/bphoto/TePk-GCTvpCaztilF5eIPg/o.jpg,3207,Italian,4,34.08319,-118.33881,"[""delivery""]",$$$$,6602 Melrose Ave,Los Angeles,90038,US,CA,+13232970100,YoQn8MtOimQbqi839TmeZw
Met Him At A Bar,https://s3-media3.fl.yelpcdn.com/bphoto/hKkhb5t7RN8oRUIkVbrooA/o.jpg,606,Italian,4.5,34.060415,-118.345018,"[""pickup""]",$$,801 S La Brea,Los Angeles,90036,US,CA,+13238523321,HuQtriV_ApipXfM8xax33w
Angelini Osteria,https://s3-media2.fl.yelpcdn.com/bphoto/1Mh9UEn1H74pTCsfD5h7bg/o.jpg,2112,Italian,4,34.07642,-118.34909,"[""delivery""]",$$$,7313 Beverly Blvd,Los Angeles,90036,US,CA,+13232970070,P9Dt_kkU5BTe1v0tJ4KFNw
Osteria Mamma,https://s3-media2.fl.yelpcdn.com/bphoto/BCT1NUTlwCan0KTW1JmRIw/o.jpg,1899,Italian,4,34.08335868,-118.3247249,"[""delivery""]",$$,5732 Melrose Ave,Los Angeles,90038,US,CA,+13232847060,rr-hXB0ZqXLzUP97yftp0g
DRAGO Centro,https://s3-media3.fl.yelpcdn.com/bphoto/ixTzcjnVmLDcsRd58gqx_g/o.jpg,1651,Italian,4,34.0514,-118.257504,"[""delivery""]",$$$,525 S Flower St,Los Angeles,90071,US,CA,+12132288998,p78nnAZrr2JxVNqggm0JSQ
The Factory Kitchen,https://s3-media3.fl.yelpcdn.com/bphoto/ltWypC3lOuC0bzm_R0hm4A/o.jpg,1524,Italian,4,34.038867,-118.23602,"[""pickup""]",$$$,1300 Factory Pl,Los Angeles,90013,US,CA,+12139966000,cK9wMWnQEW9MdYjc-YWueg
Rossoblu,https://s3-media4.fl.yelpcdn.com/bphoto/p6WDqs5IKF_VoMTp4Sp9gQ/o.jpg,811,Italian,4,34.034918,-118.253338,"[""delivery""]",$$$,1124 San Julian St,Los Angeles,90015,US,CA,+12137491099,YYKK5pDAWQimcHzOz-7nug
Bacari W. Adams,https://s3-media3.fl.yelpcdn.com/bphoto/UeTHi6rTg2tIP8h-NeZiKA/o.jpg,1744,Italian,4,34.03447,-118.28341,"[""pickup""]",$$,2308 S Union Ave,Los Angeles,90007,US,CA,+12134591899,8polKN4I6fJx1t8pPxogVw
Mother Wolf,https://s3-media2.fl.yelpcdn.com/bphoto/1k4_YK7OrFgHcaMVuaAL3g/o.jpg,530,Italian,4,34.09932,-118.33115,,$$$$,1545 Wilcox Ave,Los Angeles,90028,US,CA,+13234106060,V_t4QBPg-eC9-rpD1TRYQg
Jon & Vinny's Fairfax,https://s3-media3.fl.yelpcdn.com/bphoto/OQwbl36bvmwL4ph2glu1dw/o.jpg,2362,Italian,4,34.0786401,-118.3613451,"[""delivery""]",$$,412 N Fairfax Ave,Los Angeles,90036,US,CA,+13233343369,sPw1o5OYWE5C2JtbTXp5wg
Cento,https://s3-media4.fl.yelpcdn.com/bphoto/oB3A5Y1vr6ZajHEcYXj5vw/o.jpg,565,Italian,4.5,34.0327954,-118.3477496,"[""delivery""]",$$,4921 W Adams Blvd,Los Angeles,90016,US,CA,+13239980404,mogBbg16id_H0pw_YQ3YbA
La Pergoletta,https://s3-media3.fl.yelpcdn.com/bphoto/G1XjeBOpUByZsPHFFiNFgQ/o.jpg,1276,Italian,4.5,34.1037812,-118.2872479,"[""pickup""]",$$,1802 Hillhurst Ave,Los Angeles,90027,US,CA,+13236648259,-KqNRM-drDM7Nu9i9xEnfA
Supremo,https://s3-media2.fl.yelpcdn.com/bphoto/AC6E0vKB18sDw11ZTHAjpg/o.jpg,337,Italian,4.5,34.05867,-118.34578,"[""pickup""]",$$,901 S La Brea Ave,Los Angeles,90036,US,CA,+13238523192,RarITW4zBvhqKAK8FVOFCQ
Della Terra Restaurant,https://s3-media1.fl.yelpcdn.com/bphoto/Np31-r1QgAHxf-dj-LyjbA/o.jpg,852,Italian,4,34.0762749,-118.3571066,"[""pickup""]",$$,7675 Beverly Blvd,Los Angeles,90036,US,CA,+13239337675,YTTCdnu8457jbdEbm_PIig
Marino Restaurant,https://s3-media1.fl.yelpcdn.com/bphoto/xXyX0W7ug1_ERWPd5oJSCA/o.jpg,468,Italian,4.5,34.083621,-118.331184,"[""pickup""]",$$$,6001 Melrose Ave,Los Angeles,90038,US,CA,+13234668812,QEGYtRXGlpuco8jE7u0tGw
Pizzeria Sei,https://s3-media2.fl.yelpcdn.com/bphoto/I9CYAMeeAIEaSCN4OmUPTA/o.jpg,377,Italian,4.5,34.0548249,-118.3832633,"[""pickup""]",$$,8781 W Pico Blvd,Los Angeles,90035,US,CA,+14242799800,RmibDYcG1lVw4K69fqTopg
Rao's Hollywood,https://s3-media2.fl.yelpcdn.com/bphoto/7k0-Vq8ZMuntrB_1fECgkw/o.jpg,657,Italian,4.5,34.0891889,-118.3329546,"[""pickup""]",$$$,1006 Seward St,Los Angeles,90038,US,CA,+13239627267,7e9oi3zq_6pP_LU9YPEXLg
Sparrow Italia,https://s3-media4.fl.yelpcdn.com/bphoto/vSMW5oQzcczEeBHlS93IgQ/o.jpg,462,Italian,4,34.04561,-118.26422,,$$$,939 S Figueroa St.,Los Angeles,90015,US,CA,+12136603032,l9CyWFbCaU6Wk6b8Tc4i8Q
Spartina,https://s3-media2.fl.yelpcdn.com/bphoto/rLjWt8-ZcsMBwlpKUHTH_w/o.jpg,668,Italian,4,34.08387493,-118.3535239,"[""pickup""]",$$$,7505 Melrose Ave,Los Angeles,90046,US,CA,+13237821023,zLEV5J2HmKHocbPZONGJAA
Chi Spacca,https://s3-media3.fl.yelpcdn.com/bphoto/MfcffFKVOg4ndNHDrqnpaQ/o.jpg,658,Italian,4,34.08319,-118.33908,"[""pickup""]",$$$$,6610 Melrose Ave,Los Angeles,90038,US,CA,+13232971133,7sZnRtSBZcrScdtE-gWyPw
Culina Ristorante + Caffè,https://s3-media2.fl.yelpcdn.com/bphoto/mCGXldqqDd8DiNPiQEZ-Dw/o.jpg,581,Italian,4,34.072957,-118.389138,"[""delivery""]",$$$,300 S Doheny Dr,Los Angeles,90048,US,CA,+13108604000,t7v3kC8hNFHiNoxOQq-W4g
Colori Kitchen,https://s3-media2.fl.yelpcdn.com/bphoto/f46Be7JnzI2Lx8J3JIBHEg/o.jpg,1837,Italian,4,34.043871,-118.301036,"[""pickup""]",$$,2019 Venice Blvd,Los Angeles,90006,US,CA,+12136225950,Kz8ZETLCLPNzzs9Tb4u1SQ
Uovo - Mid-Wilshire,https://s3-media2.fl.yelpcdn.com/bphoto/cYSNglJbn0F8rQCvyhyHrQ/o.jpg,352,Italian,4.5,34.06372,-118.36446,,$$,6245 Wilshire Blvd,Los Angeles,90048,US,CA,+13236426386,OjUQ0wmRdctqjfz-lErGBQ
Andre's Italian Restaurant,https://s3-media3.fl.yelpcdn.com/bphoto/d40d_0b3HkZm3G1Ill7UMw/o.jpg,1355,Italian,4,34.0396817,-118.2993893,"[""pickup""]",$$,1864 W Washington Blvd,Los Angeles,90007,US,CA,+13239351246,-CW_jNF0-x1RAhlGjX3JUg
OSTE,https://s3-media2.fl.yelpcdn.com/bphoto/Wf9TrpRHdJI5tqIodCIO-g/o.jpg,602,Italian,4.5,34.07211,-118.367363,"[""pickup""]",,8142 W Third St,West Hollywood,90048,US,CA,+13234132372,3FlrvSaW-TSwkQDsCpKYEg
Spaccio Salumeria by Truffle Brothers,https://s3-media3.fl.yelpcdn.com/bphoto/dy9DaGhJ7MrrIbWYscvWgA/o.jpg,126,Italian,5,34.04024,-118.32797,"[""pickup""]",$$,4073 W Washington Blvd,Los Angeles,90018,US,CA,+13237950152,jpMKMKAo5SwqSV1N1wh9Ww
Michelangelo Ristorante,https://s3-media2.fl.yelpcdn.com/bphoto/f5TgJ1oJok6AlE1XjcMapA/o.jpg,933,Italian,4,34.10698292,-118.2636239,"[""pickup""]",$$,2742 Rowena Ave,Los Angeles,90039,US,CA,+13236604843,WylKsZv1qKCDqrHd-joiOA
San Antonio Winery,https://s3-media2.fl.yelpcdn.com/bphoto/ZTtlpKfQJGiTPxj0DrUSdA/o.jpg,1638,Italian,4,34.0636861,-118.2238476,"[""pickup""]",$$,737 Lamar St,Los Angeles,90031,US,CA,+13232231401,HlKxlisBOQ80uO6vcetlBA
Locanda Veneta,https://s3-media3.fl.yelpcdn.com/bphoto/Lwx55Sv7mpDg_1sdSSg2Vw/o.jpg,554,Italian,4.5,34.07339,-118.3809,"[""pickup""]",$$$,8638 W 3rd St,Los Angeles,90048,US,CA,+13102741893,9CVqDuk5475QzAEunj_7lA
Grandmaster Recorders,https://s3-media3.fl.yelpcdn.com/bphoto/e7oJSdBw_tq1pnWefiykSg/o.jpg,244,Italian,4,34.09861755,-118.3291245,,,1518 N Cahuenga Blvd,Los Angeles,90028,US,CA,+13239637800,JqAjeYMIRTkMpsvsZpqscw
Pace,https://s3-media2.fl.yelpcdn.com/bphoto/MrLOZxFYbR1NZ7IrJhfLow/o.jpg,1205,Italian,4,34.10906,-118.3697,"[""pickup""]",$$$,2100 Laurel Canyon Blvd,Los Angeles,90046,US,CA,+13236548583,LlaXbuPQBsRXjZFEx5Wkjw
Palermo Italian Restaurant,https://s3-media2.fl.yelpcdn.com/bphoto/m1xgemC36RST9oQPS7hrvA/o.jpg,1738,Italian,4,34.10481,-118.291447,"[""pickup""]",$$,1858 N Vermont Ave,Los Angeles,90027,US,CA,+13236631430,gAb-NtuNbNG8p2dqUMQGjw
Uovo - Studio City,https://s3-media4.fl.yelpcdn.com/bphoto/Lhf_puUmWuOCSnVoIYlHLg/o.jpg,391,Italian,4.5,34.14538016,-118.4127482,,,12833 Ventura Blvd,Los Angeles,91604,US,CA,+17472122690,egFoQz8MfqxtabJN1rdIYQ
Bottega Louie - WEHO,https://s3-media2.fl.yelpcdn.com/bphoto/slb6cR2__1dc5ZR3QtjsWw/o.jpg,648,Italian,4,34.083913,-118.384953,,$$$,8936 Santa Monica Blvd,Los Angeles,90069,US,CA,+12138021470,g7bvMWpWSNxSoq8WxfEcZQ
Frankie's,https://s3-media3.fl.yelpcdn.com/bphoto/R1HNCojVQXO7_XazN7vzYQ/o.jpg,498,Italian,4,34.08323,-118.34724,"[""pickup""]",$$,7228 Melrose Ave,Los Angeles,90046,US,CA,+13239372801,bSfdLm1ke0oFCUK7hiAQ_g
Antico Nuovo,https://s3-media2.fl.yelpcdn.com/bphoto/X6nfdJMUWblund0cbBwr0A/o.jpg,192,Italian,4,34.07657,-118.31101,"[""delivery""]",$$$,4653 Beverly Blvd,Los Angeles,90004,US,CA,+13235103093,UTBAwLDlZVFNHz44e0DLRg
Brera Ristorante,https://s3-media1.fl.yelpcdn.com/bphoto/n265lYyayXzqXbhPx1S_1g/o.jpg,792,Italian,4,34.03847976,-118.2347514,"[""delivery""]",$$$,1331 E 6th St,Los Angeles,90021,US,CA,+12135538006,aUSK0oQR4ey0rFoDfCXaPw
One More Kitchen,https://s3-media2.fl.yelpcdn.com/bphoto/ITcbnM8KLzLzSq9GSA1RdA/o.jpg,136,Italian,4,34.068823,-118.298876,"[""pickup""]",$$,300 S Mariposa Ave,Los Angeles,90020,US,CA,+12133831313,yCMfb65Srl8NucvVEhubYA
Wood,https://s3-media4.fl.yelpcdn.com/bphoto/3m2BSYYss3odo0nwu8RGJw/o.jpg,1046,Italian,4,34.08292,-118.27289,"[""pickup""]",$$$,2861 Sunset Blvd,Los Angeles,90026,US,CA,+13236679940,F2W1R7yIvSOqD1xH_F1cZA
Tuscan Son,https://s3-media3.fl.yelpcdn.com/bphoto/deH1sv-i4N5z8iXwtu-QtQ/o.jpg,460,Italian,4.5,34.051453,-118.432191,"[""pickup""]",$$,10700 Santa Monica Blvd,Los Angeles,90025,US,CA,+14245353096,mmFT0RqB9PDv8z9TVv9qWA
Proper Pizza and Pasta,https://s3-media2.fl.yelpcdn.com/bphoto/M5PXKByNrYyCSM_FppTFkw/o.jpg,256,Italian,4.5,34.051521,-118.280395,"[""pickup""]",$$,1011 S Alvarado St,Los Angeles,90006,US,CA,+12135683395,F6hXBYy7dx9qN_di10qB0w
Pine & Crane,https://s3-media3.fl.yelpcdn.com/bphoto/T4Je0aW421FLWVaRrfRGtA/o.jpg,2892,Chinese,4.5,34.09053959,-118.2771289,"[""delivery""]",$$,1521 Griffith Park Blvd,Los Angeles,90026,US,CA,+13236681128,ohosmz6FXVAeoW5nUkYwng
Bao Dim Sum House,https://s3-media4.fl.yelpcdn.com/bphoto/Su6hAn4L13LnK_1aZ-dDqQ/o.jpg,3478,Chinese,4,34.07577,-118.36982,"[""pickup""]",$$,8256 Beverly Blvd,Los Angeles,90048,US,CA,+13236556556,kdTFcDSl9vAR-btEm1Q2uw
Paik's Noodle: Hong Kong Ban Jum 0410,https://s3-media1.fl.yelpcdn.com/bphoto/SblfBrbr4OjqMP8o30XAYg/o.jpg,790,Chinese,4.5,34.06279582,-118.2977393,,$$,3470 W 6th St,Los Angeles,90020,US,CA,+12133890410,WWQsHGIFUkNQF6Uaj4vXCw
ixlb DimSum Eats,https://s3-media2.fl.yelpcdn.com/bphoto/lw0EibPclFEMYNzAi4dG3w/o.jpg,919,Chinese,4.5,34.09779,-118.3183,"[""pickup""]",$$,5900 Sunset Blvd,Los Angeles,90028,US,CA,+13238484766,6b1Kud4nDwsqw1kILxI9ZQ
Yang Chow,https://s3-media2.fl.yelpcdn.com/bphoto/KngCcYjnwBADRLaOFW4-5g/o.jpg,3162,Chinese,4,34.06301,-118.2384,"[""delivery""]",$$,819 N Broadway,Los Angeles,90012,US,CA,+12136250811,ZlQo_ArRw-nnHcrcnYPbiA
Zzamong,https://s3-media2.fl.yelpcdn.com/bphoto/6AUVIwPCv8wCZ9FYeCfocw/o.jpg,1361,Chinese,4,34.069295,-118.307192,"[""pickup""]",$$,4255 W 3rd St,Los Angeles,90004,US,CA,+12137392747,gWM5n5Tyo5h74t-_lp1WUA
COD Restaurant,https://s3-media2.fl.yelpcdn.com/bphoto/csrT70s2M_0Bnwxrr831tg/o.jpg,932,Chinese,4,34.0728,-118.37363,"[""pickup""]",$$$,8408 W 3rd St,Los Angeles,90048,US,CA,+13236589188,8TUWLXWgswfRfMBymL0WRg
Fei Xiang Gong,https://s3-media4.fl.yelpcdn.com/bphoto/xETE8FEDB3DRQVpwKuLbGw/o.jpg,105,Chinese,4.5,34.06737,-118.30892,"[""pickup""]",$$,356 S Western Ave,Los Angeles,90020,US,CA,+12133185588,0stUvaDK5l0bW7tGb7_hgQ
Little Fatty,https://s3-media3.fl.yelpcdn.com/bphoto/IxGlewFgXkbFcixQs-5Smw/o.jpg,1063,Chinese,4,34.00441,-118.43106,"[""pickup""]",$$,3809 - 3813 Grandview Blvd,Los Angeles,90066,US,CA,+13105747610,0jOt0ODWCp8fJzzOM4PgqA
Feng Mao Lamb Kebab - Olympic,https://s3-media4.fl.yelpcdn.com/bphoto/IztJ6SgvOsH0grlnaHGClQ/o.jpg,630,Chinese,4.5,34.053617,-118.319659,"[""pickup""]",$$,3901 W Olympic Blvd,Los Angeles,90019,US,CA,+13239351099,p1O9sw9QdnKn1cV2FEmmhw
Woon,https://s3-media2.fl.yelpcdn.com/bphoto/wmUOOHUilwOmN_TczNnwjg/o.jpg,333,Chinese,4.5,34.0741838,-118.2793993,"[""delivery""]",$$,2920 W Temple St,Los Angeles,90026,US,CA,,sgqhqcRGuioPSNCVKA-PZg
Tang Huo Kung Fu Spicy Hot Pot,https://s3-media3.fl.yelpcdn.com/bphoto/Dl5EtqmMk4uyUOzUnJ5yvg/o.jpg,154,Chinese,4.5,34.06322097,-118.297207,"[""pickup""]",$$,3450 W 6th St,Los Angeles,90020,US,CA,+12136747422,mu-sqebqz9DEQRTNP3vKLg
Hui Tou Xiang,https://s3-media2.fl.yelpcdn.com/bphoto/2RJnVsOIxH0_wzlN84oiTw/o.jpg,234,Chinese,4.5,34.101,-118.32968,"[""pickup""]",$$,1643 N Cahuenga Blvd,Los Angeles,90028,US,CA,+13236457272,eMCp5br4J_4at3jIX2ljrg
The Ppong,https://s3-media3.fl.yelpcdn.com/bphoto/Li5i5N_Y7VwLTsJvLA2pKw/o.jpg,237,Chinese,4.5,34.062044,-118.3146891,"[""pickup""]",$$,4003 Wilshire Blvd,Los Angeles,90010,US,CA,+12135683953,AWQELVqEeeCbstdp8PUVYg
Odumak,https://s3-media1.fl.yelpcdn.com/bphoto/hKaezVO6_0F50RXmfH7WBQ/o.jpg,123,Chinese,4,34.067837,-118.308804,"[""pickup""]",$$,338 S Western Ave,Los Angeles,90020,US,CA,+12136286996,kDVlUSFSUR8ZYIOJi4bDQQ
Hoys Wok Chinese Food,https://s3-media1.fl.yelpcdn.com/bphoto/7anZW3ZgXaMY3gYsXIv71Q/o.jpg,128,Chinese,5,34.07327885,-118.3769215,"[""pickup""]",$$,8520 W 3rd St,Los Angeles,90048,US,CA,+13107347373,OdwPQ98elBOVUPjWwZYVMQ
Sea Dragon Chinese Restaurant,https://s3-media3.fl.yelpcdn.com/bphoto/rRVmuKlmCPHjHI2czWrvyA/o.jpg,489,Chinese,4,34.07255309,-118.2921566,"[""delivery""]",$$,101 S Vermont Ave,Los Angeles,90004,US,CA,+12133829993,KgPICfpkOeM_o4MdqUGDwA
Daybird,https://s3-media3.fl.yelpcdn.com/bphoto/AZgmkoJbQebdTfYJtkb3aA/o.jpg,292,Chinese,4.5,34.07596282,-118.286511,,$$,240 N Virgil Ave,Los Angeles,90004,US,CA,,vqIms0ABjR5rvbp_d9eDqQ
MIAN | 滋味小面,https://s3-media2.fl.yelpcdn.com/bphoto/IDZ9VESPQLXOStFz_YZrqw/o.jpg,358,Chinese,4,34.03266,-118.35751,,$$,5263 W Adams Blvd,Los Angeles,90016,US,CA,+13233326176,JxSNu4tMyiRe6WK7YW9GAg
Feng Mao Lamb Kebab - Western,https://s3-media1.fl.yelpcdn.com/bphoto/AJRCsKOJFrmOwQcOd23b6Q/o.jpg,526,Chinese,4,34.06662622,-118.3089679,"[""pickup""]",$$,414 S Western Ave,Los Angeles,90020,US,CA,+12133889299,q8hexOMqB9s3-ryNoum_KA
Fortune House Chinese Cuisine,https://s3-media4.fl.yelpcdn.com/bphoto/E2nU_Ufw3dneCCW59tRkFQ/o.jpg,423,Chinese,4,34.058352,-118.362566,"[""restaurant_reservation""]",$$,6031 San Vicente Blvd,Los Angeles,90036,US,CA,+13239366133,e8zRlJtK-pmau8hDgOwllQ
Iron Teapot Dim Sum & Bar,https://s3-media3.fl.yelpcdn.com/bphoto/f88G-jxSH49pPHHmcpfqPw/o.jpg,662,Chinese,4,34.02070314,-118.4029162,"[""restaurant_reservation""]",$$$,10306 Venice Blvd,Los Angeles,90034,US,CA,+13107361803,ubOBDUCB_WJNZaY_iutZ-Q
Needle,https://s3-media1.fl.yelpcdn.com/bphoto/5CkTsmZRr86Dz5a5verH3A/o.jpg,101,Chinese,4.5,34.09191266,-118.2793567,,$$,3827 W Sunset Blvd,Los Angeles,90026,US,CA,,-bKSg3-kXFSFUA7baQndMw
Pho 87,https://s3-media2.fl.yelpcdn.com/bphoto/Q2eXPhJo-RRtdFr-AD59vQ/o.jpg,1677,Chinese,4,34.0672573,-118.2356333,,$$,1019 N Broadway,Los Angeles,90012,US,CA,+13232270758,EiGZST3PxwKs94PTOsD4eQ
Combo A,https://s3-media1.fl.yelpcdn.com/bphoto/CslYYxGJWpE8CHidXaH6rQ/o.jpg,458,Chinese,4.5,34.07817,-118.25676,"[""pickup""]",$$,1411 Echo Park Ave,Los Angeles,90026,US,CA,+12139287495,njyf0pk4spqk5jRLUVlN-A
Eagle Rock Green Dragon,https://s3-media3.fl.yelpcdn.com/bphoto/Obt54K1ksQvdogKmqQRFGg/o.jpg,710,Chinese,4.5,34.13971273,-118.2050593,"[""delivery""]",$$,1733 Colorado Blvd,Los Angeles,90041,US,CA,+13232558889,rHSPK-cm0f9iW1EgUUDhww
Moon House Chinese Cuisine,https://s3-media4.fl.yelpcdn.com/bphoto/NpU_mlKcNaG46JiPj7HvTg/o.jpg,1238,Chinese,4,34.04759054,-118.4432216,"[""pickup""]",$$,11058 Santa Monica Blvd,Los Angeles,90025,US,CA,+13109669988,G2q4Lqe7tEDjMGzazUXdVQ
Heung Rae Gak,https://s3-media3.fl.yelpcdn.com/bphoto/a-KrR1aVmbrstFCymswgTw/o.jpg,218,Chinese,4,34.067312,-118.3092449,"[""pickup""]",$$,357 S Western Ave,Los Angeles,90020,US,CA,+12133830178,r1dZeBu2gIvA2sAL1LpesQ
Din Tai Fung,https://s3-media4.fl.yelpcdn.com/bphoto/skX_0x37Xyyu-vIxFAaUSg/o.jpg,4776,Chinese,4,34.1434651,-118.2560737,"[""pickup""]",$$,177 Caruso Ave,Glendale,91210,US,CA,+18185515561,P_2Z_Wwk2Xtepobtxxsa6A
Qi Steam Kitchen,https://s3-media3.fl.yelpcdn.com/bphoto/5aA4DAiIJZYYv2mkAlZsjQ/o.jpg,181,Chinese,4,34.05761,-118.36165,"[""pickup""]",$$,5966 W Olympic Blvd,Los Angeles,90036,US,CA,+13238799313,TmuztHuzFydP4L6BxBkNXA
Uncle John’s Cafe,https://s3-media2.fl.yelpcdn.com/bphoto/cJ_hAQR5uAN9d2e-gikkyA/o.jpg,897,Chinese,4,34.04486,-118.25858,"[""pickup""]",$$,834 S Grand Ave,Los Angeles,90017,US,CA,+12136233555,6iJ_E5tMJII601mrzwwdrQ
RiceBox,https://s3-media3.fl.yelpcdn.com/bphoto/LvKFVI6uDN_XGJmm69oVqA/o.jpg,328,Chinese,4.5,34.04676,-118.25099,"[""pickup""]",$$,541 S Spring St,Los Angeles,90013,US,CA,+12139887395,hPevQl0mBhTFUXZ0baMq0Q
Wok Bar,https://s3-media3.fl.yelpcdn.com/bphoto/bvqtCQndbK0_J2jVD75Ahg/o.jpg,76,Chinese,4,34.05992,-118.2908,"[""pickup""]",$$,3055 W 7th St,Los Angeles,90005,US,CA,+12136747122,J_lx7R83sKaXGwAE0_YKoA
Pixiu Mala Hongtang,https://s3-media1.fl.yelpcdn.com/bphoto/XZBrSm4ryIknEy2MTI43ZQ/o.jpg,92,Chinese,4.5,34.06635754,-118.3096243,,$$,425 S Western Ave,Los Angeles,90020,US,CA,+12133409429,0IeIzElSBK1XJVqtzFvRlA
Young King,https://s3-media3.fl.yelpcdn.com/bphoto/uARkTwvVk0t-TCH0UVwHAQ/o.jpg,645,Chinese,4,34.05244471,-118.3033384,"[""delivery""]",$$,3100 W Olympic Blvd,Los Angeles,90006,US,CA,+12134876154,nxOmiITLYE3AdEqrSZIRDg
Warrior Event Space,https://s3-media3.fl.yelpcdn.com/bphoto/0oljEy2T7538A1S1l6--kg/o.jpg,240,Chinese,4.5,34.090877,-118.3860492,,$$,8909 Sunset Blvd,West Hollywood,90069,US,CA,+13109990403,39XhySXtu-4Oe4XjBGy4vA
Pearl River Deli,https://s3-media1.fl.yelpcdn.com/bphoto/2FcziUih0EigPQMVDJOYEw/o.jpg,280,Chinese,4.5,34.06520962,-118.2381254,"[""pickup""]",$$,935 Mei Ling Way,Los Angeles,90012,US,CA,+12133725485,Mywk3nUsqPvmzJiEOw4XYw
Capital Seafood Beverly Hills,https://s3-media3.fl.yelpcdn.com/bphoto/LcuUdZ8Ln7KxWRHIP4F-hA/o.jpg,344,Chinese,4,34.0669,-118.37592,"[""pickup""]",$$,50 N La Cienega Blvd,Beverly Hills,90211,US,CA,+13108551234,CMp0w5cySb4n4XxgmoFdZQ
Kingdom Dim Sum,https://s3-media1.fl.yelpcdn.com/bphoto/dDbthq31_iJUwt7ofS8yZQ/o.jpg,44,Chinese,4.5,34.10256,-118.308754,"[""pickup""]",,5445 Hollywood Blvd,Los Angeles,90027,US,CA,+13233786191,sw6oI8DqMt1tAhE-1aecdQ
Wokcano,https://s3-media3.fl.yelpcdn.com/bphoto/wIIwbvENlNziIYk5WXCm_A/o.jpg,572,Chinese,3.5,34.09746,-118.36513,"[""pickup""]",$$,8000 W Sunset Blvd,Los Angeles,90046,US,CA,+13234509037,HPF9Qq-eHyrlLI3GcItQag
Jin China Bistro,https://s3-media2.fl.yelpcdn.com/bphoto/JB-IUyYX0pFOppeiAD3R0A/o.jpg,152,Chinese,4.5,34.0502959,-118.2428859,"[""pickup""]",$$,123 Astronaut Ellison S Onizuka St,Los Angeles,90012,US,CA,+12136201717,7exoIECl15_Dxqev9HCOBQ
Full Moon House,https://s3-media4.fl.yelpcdn.com/bphoto/SofvP6r434v1w_v-UsmI3g/o.jpg,462,Chinese,4,34.06603994,-118.2376204,"[""pickup""]",$$,960 N Hill St,Los Angeles,90012,US,CA,+12135370792,bJeMe365G76fcnFqBHxppg
Little Wang Kung,https://s3-media3.fl.yelpcdn.com/bphoto/LQt91TKScS5XbVnWJq8efA/o.jpg,96,Chinese,4,34.06018568,-118.2845626,"[""delivery""]",$,691 S Hoover St,Los Angeles,90005,US,CA,+12134873749,Tp-_MRF7EY64ryE-_jUFFQ
Chinatown Express,https://s3-media1.fl.yelpcdn.com/bphoto/ycbjUneWmmmq1XHFfyvzng/o.jpg,108,Chinese,4.5,34.076665,-118.300666,"[""pickup""]",$,4201 Beverly Blvd,Los Angeles,90004,US,CA,+13234867565,VBJD0FVv5gxyYltvnwi5qQ
Asian Fusion,https://s3-media1.fl.yelpcdn.com/bphoto/zDIGTxtO5Ni5hTmUAlCIYQ/o.jpg,389,Chinese,4,34.0485068,-118.3854659,"[""pickup""]",$$,1710 S Robertson Blvd,Los Angeles,90035,US,CA,+14242988247,OFIAeSeO-LHmZMN5sh3pXw
Long's Family Pastry,https://s3-media2.fl.yelpcdn.com/bphoto/zdfc5MgKsgS_0IvPfpqmfA/o.jpg,392,Chinese,4,34.0603609,-118.2378286,"[""pickup""]",$,715 N Spring St,Los Angeles,90012,US,CA,+12136225255,i1Dhxjfx6N-K47A6PZ0zow
Kyodong Noodles,https://s3-media4.fl.yelpcdn.com/bphoto/jTKXiDTaD1HokKzOTBmoiA/o.jpg,138,Chinese,3.5,34.0626977,-118.3096198,"[""pickup""]",$$,621 S Western Ave,Los Angeles,90005,US,CA,+12133800664,pwX0Cg8jZyluvyPgqwCw4A
Zen Mei Bistro,https://s3-media2.fl.yelpcdn.com/bphoto/8POhUYIBgj3tJWPYtMp74A/o.jpg,195,Chinese,4.5,34.06335,-118.24046,"[""delivery""]",$,800 Yale St,Los Angeles,90012,US,CA,+12136267113,YOweM9fyWC4nFvpR_lytlA
Little China,https://s3-media2.fl.yelpcdn.com/bphoto/apJ_RQF7rZ5YaS7QwDNJ0w/o.jpg,39,Chinese,4,34.052698,-118.3183179,,,3636 W Olympic Blvd,Los Angeles,90019,US,CA,+13237301890,-RB75P7rg6Jyp8ZMegSmCA
Queen Violet WeHo,https://s3-media2.fl.yelpcdn.com/bphoto/V9GgOKlIpeAG2RHDzF-BLA/o.jpg,295,Chinese,4,34.0890893,-118.3777347,"[""pickup""]",$$,8543 Santa Monica Blvd,West Hollywood,90069,US,CA,+14247770357,WB_7Uw0qrmeJLsRPpZWmnw
Guisados,https://s3-media1.fl.yelpcdn.com/bphoto/JqGxcZ8L2TmRLYRNf59G_g/o.jpg,2397,Mexican,4.5,34.07023951,-118.2504484,"[""pickup""]",$$,1261 W Sunset Blvd,Los Angeles,90026,US,CA,+12132507600,BDRVlHnK4l0T0ANb7M-Eqg
Toca Madera - Los Angeles,https://s3-media3.fl.yelpcdn.com/bphoto/VhKhpEeBitIQJC20K80UVA/o.jpg,3022,Mexican,4,34.073059,-118.3749338,"[""delivery""]",$$$,8450 W 3rd St,Los Angeles,90048,US,CA,+13238529400,LNb-ElJwKIXS6Lx5xdRB1Q
Holbox,https://s3-media1.fl.yelpcdn.com/bphoto/McBflvxephYn8tSRrtwUhQ/o.jpg,812,Mexican,5,34.01741823,-118.2784318,"[""pickup""]",$$,3655 S Grand Ave,Los Angeles,90007,US,CA,+12139869972,-5TFq3V--bffJGW000YuGQ
El Paseo Inn,https://s3-media1.fl.yelpcdn.com/bphoto/D-v-9TKDjB743rLgSPJZEA/o.jpg,1587,Mexican,4,34.05748236,-118.2377401,"[""delivery""]",$$,11 E Olvera St,Los Angeles,90012,US,CA,+12136261361,4Ttfvrc3S3xW1sxHF-oFPg
Benny's Tacos & Rotisserie Chicken in Westchester,https://s3-media2.fl.yelpcdn.com/bphoto/m2gNJH8GaINEr18GqRXBLg/o.jpg,3269,Mexican,4.5,33.95998,-118.41685,"[""pickup""]",$$,7101 W Manchester Ave,Los Angeles,90045,US,CA,+13106708226,uA3TautyZ7bby0w8Scwufg
Guisados DTLA,https://s3-media3.fl.yelpcdn.com/bphoto/y85JlPT7EGbOj_z5zRflXg/o.jpg,2065,Mexican,4.5,34.0465306,-118.2506799,"[""pickup""]",$,541 S Spring St,Los Angeles,90013,US,CA,+12136277656,VqG_rccDoUXreiaHH0DEUA
Leo's Tacos Truck,https://s3-media1.fl.yelpcdn.com/bphoto/ca0rQts_zpHQRqq4I1jBaA/o.jpg,2296,Mexican,4.5,34.046438,-118.345718,"[""delivery""]",$,1515 S La Brea Ave,Los Angeles,90019,US,CA,+13233462001,QKovUc1TmSNtZh0j5ZEagw
Guelaguetza Restaurante,https://s3-media1.fl.yelpcdn.com/bphoto/36frnku5tXrNezug0O5eXA/o.jpg,2762,Mexican,4,34.05241,-118.30071,"[""pickup""]",$$,3014 W Olympic Blvd,Los Angeles,90006,US,CA,+12134270608,IzRINfSLBr6k_dq1e2WNew
Sugar Taco,https://s3-media3.fl.yelpcdn.com/bphoto/PLq9ENEorPdPnACvkw3Agg/o.jpg,1046,Mexican,4.5,34.08370683,-118.3478443,"[""pickup""]",$$,7257 Melrose Ave,Los Angeles,90046,US,CA,+13105268004,DoyIC0ElqglrlHBKDxXOwg
Pez Cantina,https://s3-media4.fl.yelpcdn.com/bphoto/aMAmgIEMcUxEgGBBZqNlOg/o.jpg,1196,Mexican,4,34.051487,-118.2532958,"[""pickup""]",$$,401 S Grand Ave,Los Angeles,90071,US,CA,+12132582280,hIythZZ3mpPwwhSJkUuJQQ
Yxta Cocina Mexicana,https://s3-media1.fl.yelpcdn.com/bphoto/zAEqMypRSrcSDuFITRVCAA/o.jpg,1249,Mexican,4,34.03908028,-118.2404277,"[""pickup""]",$$,601 S Central Ave,Los Angeles,90021,US,CA,+12135965579,b1CxnE2kErynRw9PQ8G_9Q
Taqueria Los Anaya,https://s3-media2.fl.yelpcdn.com/bphoto/4zjN9DxYWCrMY1xDbshR4Q/o.jpg,1453,Mexican,4.5,34.0327911,-118.3417282,"[""delivery""]",$$,4651 W Adams Blvd,Los Angeles,90016,US,CA,+13237314070,6Dd4kTDiikEB3wQp___0fA
Chichen Itza Restaurant,https://s3-media3.fl.yelpcdn.com/bphoto/xAOhzSK_4YlKo--48ElC-w/o.jpg,1391,Mexican,4.5,34.017358,-118.278406,"[""pickup""]",$$,3655 S Grand Ave,Los Angeles,90007,US,CA,+12137411075,vC_6J_nGyf4J8xt-Vu6Shw
Mamá Por Dios,https://s3-media1.fl.yelpcdn.com/bphoto/t9y0Ws_oMWQvQQAN-kEgRA/o.jpg,1740,Mexican,4,34.073437,-118.382488,"[""delivery""]",$$,8722 W 3rd St,Los Angeles,90048,US,CA,+14242843052,T_Hiq_zgUz3C3Rlj843ZAw
Mercado,https://s3-media4.fl.yelpcdn.com/bphoto/p1DGUGfmtXlZ9WYdG470oA/o.jpg,1332,Mexican,4,34.0715151,-118.3622707,"[""pickup""]",$$$,7910 W 3rd St,Los Angeles,90048,US,CA,+13239440947,phMPgmi6-yh3Qs_PRbTT1g
Mercado Hollywood,https://s3-media4.fl.yelpcdn.com/bphoto/OCeK3eNZecAPgKDPwbXVWg/o.jpg,824,Mexican,4.5,34.13166,-118.35262,"[""pickup""]",$$$,3413 Cahuenga Blvd W,Los Angeles,90068,US,CA,+13235122500,bKeJWK8yxAo0x5y_0kGyVA
The Grain Cafe,https://s3-media1.fl.yelpcdn.com/bphoto/z7NWvGIuXMHj1o2IL1qSfA/o.jpg,1108,Mexican,4.5,34.04762,-118.32758,"[""pickup""]",$$,4222 W Pico Blvd,Los Angeles,90019,US,CA,+13239314034,iD-G9bACYgkBWOq_IAGVVA
Hermanito,https://s3-media1.fl.yelpcdn.com/bphoto/5vyBgJqt0sxlenS3iBF3wA/o.jpg,597,Mexican,4.5,34.04048617,-118.4429078,"[""delivery""]",$$$,2024 Sawtelle Blvd,Los Angeles,90025,US,CA,+14243882585,VqxDHnbjfwwJXON7ERabOw
Gracias Madre - West Hollywood,https://s3-media4.fl.yelpcdn.com/bphoto/rm7dBf-KDF596F6iWAO6TQ/o.jpg,4930,Mexican,4,34.08079511,-118.386972,"[""pickup""]",$$,8905 Melrose Ave,West Hollywood,90069,US,CA,+13239782170,EWbbiUBkGzCYrEoOF05HzA
Tlayuda L.A. Restaurant,https://s3-media1.fl.yelpcdn.com/bphoto/g0x_XhpiHjOeVWETk9Oc3A/o.jpg,850,Mexican,4.5,34.0906351,-118.307928,"[""pickup""]",$$,5450 Santa Monica Blvd,Los Angeles,90029,US,CA,+13239635045,Lop79P2KM9zFUCCaBYz6zA
Guisados,https://s3-media3.fl.yelpcdn.com/bphoto/I49Z9N-WOs07YQUcl5gpZg/o.jpg,2648,Mexican,4.5,34.04812,-118.21147,"[""pickup""]",$$,2100 East Cesar E Chavez Ave,Los Angeles,90033,US,CA,+13232647201,qpcH_Fub586U2kw_pQJS3w
Guerrilla Tacos,https://s3-media1.fl.yelpcdn.com/bphoto/XpT4_U10bzB27ut8893meA/o.jpg,1122,Mexican,4,34.03445579,-118.2321303,"[""delivery""]",$$,2000 E 7th St,Los Angeles,90021,US,CA,+12133753300,SNlf3YpKkDG-e4R9jkwLhA
Somos Oaxaca,https://s3-media3.fl.yelpcdn.com/bphoto/lEIFZOmRcDAxUbO9y26Adw/o.jpg,82,Mexican,4.5,34.04333,-118.31965,"[""delivery""]",$$,3224 Venice Blvd,Los Angeles,90019,US,CA,+13239980339,NJ5zXTQzIlkG-EhDwqMaIQ
Mezcalero,https://s3-media1.fl.yelpcdn.com/bphoto/c_fpzTeWyn-tk9flxtomYQ/o.jpg,669,Mexican,4,34.04751,-118.25072,"[""delivery""]",$$,510 S Broadway,Los Angeles,90013,US,CA,+12136283337,yyTLKAplUF89xydeB2bZWQ
Quiadaiyn Restaurant,https://s3-media1.fl.yelpcdn.com/bphoto/NCdQfTmCx-Bwf0qs6wdadA/o.jpg,362,Mexican,4.5,34.003606,-118.4329843,"[""pickup""]",$$,12326 Venice Blvd,Los Angeles,90066,US,CA,+13103137654,6ZUvXgNrDiJ5vHDRXdshpA
Ka'teen,https://s3-media2.fl.yelpcdn.com/bphoto/LYXELgjRFE7ByMhEWiDNDQ/o.jpg,512,Mexican,4,34.09948,-118.33167,"[""delivery""]",,6516 Selma Ave,Los Angeles,90028,US,CA,+13234106360,dnYh7aAv1O5RwseWGdLOKQ
Mirate,https://s3-media1.fl.yelpcdn.com/bphoto/eTgtZFV3dInYkJphunu4iw/o.jpg,286,Mexican,4,34.102201,-118.291466,"[""delivery""]",,1712 N Vermont Ave,Los Angeles,90027,US,CA,+13236497937,fLs0ykxe4Iw1_3htMWqcTQ
Sonoratown,https://s3-media3.fl.yelpcdn.com/bphoto/OQ6IV1KElEvxlQ1kv1He1Q/o.jpg,1779,Mexican,4.5,34.041648,-118.252245,"[""pickup""]",$$,208 E 8th St,Los Angeles,90014,US,CA,+12132225071,Ti2Ksp2oPj6rpdp2tQcaVA
Mex Peru Gipsy,https://s3-media1.fl.yelpcdn.com/bphoto/_XRM04RXlzNcj25F5bvpNQ/o.jpg,1546,Mexican,5,34.03518711,-118.2559254,"[""pickup""]",$$,414 E 12th St,Los Angeles,90015,US,CA,+12137481773,beA_DlDpij8O9xK2B-NjEA
La Numero Uno,https://s3-media4.fl.yelpcdn.com/bphoto/QLgk_KIwzOx_UMFmHEb7cg/o.jpg,512,Mexican,4.5,34.0938088,-118.3268092,"[""pickup""]",$$,1247 Vine St,Los Angeles,90038,US,CA,+13239571111,f2V2OzCi0eNe9I-XnJOuwg
Te'Kila,https://s3-media3.fl.yelpcdn.com/bphoto/qOUu4vWhAjBGcWfSufhpeg/o.jpg,1186,Mexican,4,34.101795,-118.3323928,"[""pickup""]",$$,6541 Hollywood Blvd,Los Angeles,90028,US,CA,+13239602404,kr9RZATtNwJznY9TaMexUA
LA Cha Cha Chá,https://s3-media1.fl.yelpcdn.com/bphoto/GDIhQTC9eELE2ibY4BxtAA/o.jpg,608,Mexican,4,34.04558,-118.2357,"[""pickup""]",$$$,812 E 3rd St,Los Angeles,90013,US,CA,,UUL3cdDeCA0gZIa8lBO1zg
Sonoritas Prime Tacos,https://s3-media2.fl.yelpcdn.com/bphoto/VH_w93WSWOIRAFrEqStf-Q/o.jpg,1794,Mexican,4,34.04093,-118.44328,"[""pickup""]",$$,2004 Sawtelle Blvd,Los Angeles,90025,US,CA,+13104449100,9oQnnXSTo8i2TliFPktxLg
Cascabel,https://s3-media1.fl.yelpcdn.com/bphoto/IZjVCmwPLSn28i03rjTd7w/o.jpg,1054,Mexican,4,34.15258,-118.36437,"[""delivery""]",$$,10717 Riverside Dr,Los Angeles,91602,US,CA,+18189274210,cz_0AmDhRH7T_iRvvx0THg
Damian,https://s3-media1.fl.yelpcdn.com/bphoto/D2qL4Tz1lTbxAXchHnBYOA/o.jpg,296,Mexican,4,34.03357583,-118.2290948,"[""delivery""]",$$$$,2132 E 7th Pl,Los Angeles,90021,US,CA,+12132700178,n8cs5yUAG6XVn52eMChCNw
Mariscos Jalisco,https://s3-media2.fl.yelpcdn.com/bphoto/I-bHSJ-cuC9VtNXySczARw/o.jpg,1118,Mexican,4.5,34.0210515,-118.2128054,"[""delivery""]",$,3040 E Olympic Blvd,Los Angeles,90023,US,CA,+13235286701,5xFBQiB4Jcy9sI2fUHfcpg
HomeState,https://s3-media3.fl.yelpcdn.com/bphoto/w9UK3IM71W2R3Rqe8kn0sw/o.jpg,1360,Mexican,4.5,34.09979,-118.29021,"[""pickup""]",$$,4624 Hollywood Blvd,Los Angeles,90027,US,CA,+13239061122,ul2dT8QzauKP5Yc-q_DZ_g
La Esquinita Baja Grill,https://s3-media2.fl.yelpcdn.com/bphoto/pKMYpuJj_GTtX0uYBNq9rQ/o.jpg,63,Mexican,5,34.042786,-118.281284,"[""pickup""]",,1205 Venice Blvd,Los Angeles,90006,US,CA,+12133185078,7Qgag1l5SrtvSJTHLBm_AQ
El Granjero Cantina,https://s3-media2.fl.yelpcdn.com/bphoto/SuhKU5yTTjQ8hh-F2-QQSg/o.jpg,134,Mexican,4,34.07184331,-118.3598999,"[""delivery""]",$$,6333 W 3rd St,Los Angeles,90036,US,CA,+13238799324,7RJAk85utbsK5OEvF5YHjQ
Madre Oaxacan Restaurant and Mezcaleria,https://s3-media1.fl.yelpcdn.com/bphoto/ah5yPIchEgAR-cNyJNBVGA/o.jpg,1189,Mexican,4,34.0287002,-118.4114403,"[""pickup""]",$$,10426 National Blvd,Los Angeles,90034,US,CA,+13105594732,MjWMuWJNlxNXr-KmAXL8KQ
Chef Kang Korean Taco,https://s3-media4.fl.yelpcdn.com/bphoto/EAtIiE4ZbdJF4YCof_Bfgw/o.jpg,58,Mexican,4.5,34.06204,-118.3133,"[""pickup""]",,3959 Wilshire Blvd,Los Angeles,90010,US,CA,+12139086092,ho3kMMflXm9q9skQui4ioQ
La Barca Restaurant,https://s3-media1.fl.yelpcdn.com/bphoto/yrmn2yCY5fn8WCOGS53slQ/o.jpg,1028,Mexican,4,34.03392016,-118.291485,"[""delivery""]",$$,2414 S Vermont Ave,Los Angeles,90007,US,CA,+13237356567,FBRxoQSWtziiU_A5tscVGA
Sonoritas Prime Tacos,https://s3-media1.fl.yelpcdn.com/bphoto/HMHlncxo9Y9fNSLQx0-qsw/o.jpg,252,Mexican,4,34.04314,-118.26371,"[""delivery""]",$$,1050 S Flower St,Los Angeles,90015,US,CA,+12132751826,Ke3WFbRKFHOW7Ity6vO0jQ
Tacos Tumbras a Tomas,https://s3-media2.fl.yelpcdn.com/bphoto/dov5VBTNvAqvFOf1sRvTWQ/o.jpg,1114,Mexican,4,34.050649,-118.248831,"[""delivery""]",$,317 S Broadway,Los Angeles,90013,US,CA,+12136201071,520Wd4FU_DixBprFQQnnxg
HanShik Express,https://s3-media2.fl.yelpcdn.com/bphoto/VV8xsi6zGHsY5LpCFNb7eQ/o.jpg,193,Mexican,4.5,34.06204,-118.3133,"[""pickup""]",$$,3959 Wilshire Blvd,Los Angeles,90010,US,CA,+12139086092,v93hPyb_VYFHYz7t_jAlhw
La Chuperia,https://s3-media1.fl.yelpcdn.com/bphoto/pxSyLY8s9H0q7QKBQlddHg/o.jpg,393,Mexican,4.5,34.016551,-118.281564,"[""pickup""]",$$,3742 S. Flower St.,Los Angeles,90007,US,CA,+12136772388,lXipm1mnODP19kdviBqn4g
Casita del Campo,https://s3-media4.fl.yelpcdn.com/bphoto/x_aVenS_-B0_eqZ2B7Bl6g/o.jpg,941,Mexican,4,34.09745,-118.27499,"[""pickup""]",$$,1920 Hyperion Ave,Los Angeles,90027,US,CA,+13236624255,RdLz9GVW48pu2XmhrMsLUg
El Cartel,https://s3-media1.fl.yelpcdn.com/bphoto/QFImL7ASAzJKRNgor5-nKA/o.jpg,628,Mexican,4,34.06251215,-118.3488146,"[""pickup""]",$,5515 Wilshire Blvd,Los Angeles,90036,US,CA,+13239311281,Bq6I52mOTyC2iDHU2rh_5w
Tere's Mexican Grill,https://s3-media1.fl.yelpcdn.com/bphoto/NDHlVTF2DdXjCP0Ugfsd6Q/o.jpg,649,Mexican,4,34.08321,-118.3284836,"[""pickup""]",$$,5870 Melrose Ave,Los Angeles,90038,US,CA,+13234689345,azyDb-6veFabKKIfLleiMg
Casa Fina Restaurant & Cantina,https://s3-media4.fl.yelpcdn.com/bphoto/qvsS327Jp2tloVO406IB3A/o.jpg,793,Mexican,4,34.0466,-118.21837,"[""pickup""]",$$,1842 E First St,Los Angeles,90033,US,CA,+13236049592,1pa6C6pBW5MJdZjsAQRa2A
Baekjeong - Los Angeles,https://s3-media3.fl.yelpcdn.com/bphoto/izhJQsGE5LZAHQb-WmNwSA/o.jpg,4935,Korean,4.5,34.06375299,-118.2972829,"[""pickup""]",$$$,3465 W 6th St,Los Angeles,90020,US,CA,+12133849678,qAAoilHU25Qr45FOQlA19g
Hangari Kalguksu,https://s3-media3.fl.yelpcdn.com/bphoto/X_U65O9YnvMyb42h1BZ0JQ/o.jpg,2446,Korean,4.5,34.06286026,-118.2975703,"[""pickup""]",$$,3470 W 6th St,Los Angeles,90020,US,CA,+12133882326,h1R2iKYdm2lwukzMJvJqDw
Genwa Korean BBQ Mid Wilshire,https://s3-media2.fl.yelpcdn.com/bphoto/n6VHst4bi3Mq4ZUU3qfhYg/o.jpg,3073,Korean,4.5,34.06232132,-118.340899,"[""pickup""]",$$$,5115 Wilshire Blvd,Los Angeles,90036,US,CA,+13235490760,KtEMG1Aln3vQzte92QJxlw
Quarters Korean BBQ,https://s3-media2.fl.yelpcdn.com/bphoto/bPhelzReeQoCaL4fdOH9KA/o.jpg,3548,Korean,4,34.06402022,-118.2976871,"[""pickup""]",$$,3465 W 6th St,Los Angeles,90020,US,CA,+12133658111,TsVu9GJQwuFBZVP_sg2k7A
Woo Hyang Woo,https://s3-media1.fl.yelpcdn.com/bphoto/ij2m4yEy87jxfMhBvgDdGg/o.jpg,1011,Korean,4.5,34.063763,-118.296482,,$$$,3429 W 6th St,Los Angeles,90020,US,CA,+12133155080,UaxSpacBpGQrXv9Cytai2A
Concerto,https://s3-media1.fl.yelpcdn.com/bphoto/W0PtAkmnwrk0wf7bcwOoDA/o.jpg,1394,Korean,4,34.063071,-118.306414,"[""pickup""]",$$,610 S Serrano Ave,Los Angeles,90005,US,CA,+12137380909,IMoMSsC3oDqcNZCQXyo8iQ
BCD Tofu House,https://s3-media3.fl.yelpcdn.com/bphoto/nz9rfHrjOIL5dyU8uNPTVQ/o.jpg,4943,Korean,4,34.06208625,-118.3026584,"[""pickup""]",$$,3575 Wilshire Blvd,Los Angeles,90010,US,CA,+12133826677,HTFByVH44biQsc_R8sEOjg
TOKKI - Korean Tapas,https://s3-media4.fl.yelpcdn.com/bphoto/YOfQKjcMGU1iGzNOSIcHNg/o.jpg,441,Korean,4.5,34.06371,-118.29727,,,3465 W 6th St,Los Angeles,90020,US,CA,+18185272213,wvaNbC16NuJIQD0g8WPjRw
Soowon Galbi KBBQ Restaurant,https://s3-media1.fl.yelpcdn.com/bphoto/0GkZ8e0y5wAXRlWJJcEYLA/o.jpg,2833,Korean,4.5,34.05644156,-118.2913385,"[""delivery""]",$$,856 S Vermont Ave,Los Angeles,90005,US,CA,+12133659292,9FuxqbYXM0vaPnzrQ7B_qQ
Hae Jang Chon,https://s3-media2.fl.yelpcdn.com/bphoto/UE_ZY3fBqOaun7z-75Drbw/o.jpg,5623,Korean,4,34.06383295,-118.3061257,"[""pickup""]",$$$,3821 W 6th St,Los Angeles,90020,US,CA,+12133898777,JYGPEUZy4k5ObXGIjcD3DA
Hanu Korean BBQ,https://s3-media1.fl.yelpcdn.com/bphoto/ZbZwNv64F8cTAJi6brDrRg/o.jpg,944,Korean,5,34.06386,-118.28675,,,2999 W 6th St,Los Angeles,90020,US,CA,+12137387370,T3cqmVnThp8qA0JV7Z2D4w
Bulgogi Hut,https://s3-media2.fl.yelpcdn.com/bphoto/0RDfmlcAipXgmtwC8DtHQQ/o.jpg,3637,Korean,4.5,34.061564,-118.303271,"[""pickup""]",$$$,3600 Wilshire Blvd,Los Angeles,90010,US,CA,+12133881988,frRPjJ03Ie5h9EPhFhjNIw
Ahgassi Gopchang,https://s3-media3.fl.yelpcdn.com/bphoto/UayThUPLzWBaGtnVB_dXew/o.jpg,2178,Korean,4.5,34.06340679,-118.3038818,"[""delivery""]",$$$,3744 W 6th St,Los Angeles,90005,US,CA,+13239026328,INEbr7OmgiqlMWq5Cta8WA
Majordomo,https://s3-media2.fl.yelpcdn.com/bphoto/EQYwq5LE2h6rWhtoEwiODg/o.jpg,1315,Korean,4,34.0690575,-118.226105,"[""delivery""]",$$$,1725 Naud St,Los Angeles,90012,US,CA,+13235454880,4Zx7Lw4U6F0sXrV4aiIyqQ
Gangnam Station Korean BBQ,https://s3-media3.fl.yelpcdn.com/bphoto/p6ZW1_YhMcNnsRayaI7cGg/o.jpg,1228,Korean,4.5,34.06186,-118.30848,,$$,3785 Wilshire Blvd,Los Angeles,90010,US,CA,+12139086700,Xcl1eK5jHzx6x7wOKRWWDg
Ssam Korean BBQ,https://s3-media2.fl.yelpcdn.com/bphoto/ZZS_l52q5nNrf4f1FDHfiQ/o.jpg,1355,Korean,4.5,34.051323,-118.308791,"[""pickup""]",$$$,1040 S Western Ave,Los Angeles,90006,US,CA,+13237379292,4zy0JiIP9d173nbynUu0OQ
Seoul Salon Restaurant & Bar,https://s3-media3.fl.yelpcdn.com/bphoto/9XP9MBCRVgrKKighS_dT0g/o.jpg,184,Korean,4.5,34.06153666,-118.3037314,"[""restaurant_reservation""]",$$,3600 Wilshire Blvd,Los Angeles,90005,US,CA,+12136747363,RpljDiS3TghWGL4ZezUxGw
Paik's Noodle: Hong Kong Ban Jum 0410,https://s3-media1.fl.yelpcdn.com/bphoto/SblfBrbr4OjqMP8o30XAYg/o.jpg,790,Korean,4.5,34.06279582,-118.2977393,,$$,3470 W 6th St,Los Angeles,90020,US,CA,+12133890410,WWQsHGIFUkNQF6Uaj4vXCw
Kobawoo House,https://s3-media2.fl.yelpcdn.com/bphoto/KhZfyOnlF507uEwNbTZLqg/o.jpg,1422,Korean,4.5,34.06013289,-118.2910148,"[""pickup""]",$$,698 S Vermont Ave,Los Angeles,90005,US,CA,+12133897300,TWHGJkTAbF22hvXeReQp9w
Sun Nong Dan,https://s3-media1.fl.yelpcdn.com/bphoto/zBtO3tfKwMVfT-szaFS44Q/o.jpg,712,Korean,4.5,34.05916424,-118.308797,"[""pickup""]",$$,710 S Western Ave,Los Angeles,90005,US,CA,+12132643303,BAdOTHAvXneDDu4Maqk67g
Eight Korean BBQ,https://s3-media1.fl.yelpcdn.com/bphoto/YYkDOVUT_6wcqttVz-ni_g/o.jpg,1809,Korean,4.5,34.05599268,-118.3099368,,$$$,863 S Western Ave,Los Angeles,90005,US,CA,+12133651750,KxSkOgk1-IHwK9XgM_N8Ew
Sulga House of Beef Bone Soup,https://s3-media2.fl.yelpcdn.com/bphoto/AnU8SIXf7FpQiArZYiCCRw/o.jpg,349,Korean,5,34.07642,-118.30557,"[""pickup""]",$$,4451 Beverly Blvd,Los Angeles,90004,US,CA,+13237410669,LtQu-lT9Hpm_n_5LcXsdYA
Park's BBQ,https://s3-media2.fl.yelpcdn.com/bphoto/sAdjA299-5is6_9fG47-KQ/o.jpg,2104,Korean,4,34.05381,-118.29196,"[""pickup""]",$$$,955 S Vermont Ave,Los Angeles,90006,US,CA,+12133801717,K-jWQAp9Q-PIXEpN6pspWg
King Chang - LA,https://s3-media3.fl.yelpcdn.com/bphoto/FGJWXOwzW2fhlKev4bv_hA/o.jpg,309,Korean,5,34.06329,-118.30372,"[""restaurant_reservation""]",,3732 W 6th St,Los Angeles,90020,US,CA,+12133185250,iRjnWYY5oVJTaZ5teU1vOQ
Han Bat Sul Lung Tang,https://s3-media2.fl.yelpcdn.com/bphoto/YttPoxI3HwOSv5Y3hK_v-Q/o.jpg,2697,Korean,4.5,34.065414,-118.3095703,"[""delivery""]",$$,4163 W 5th St,Los Angeles,90020,US,CA,+12133839499,uzAbw27XQTXTivjgf2bN2w
MDK Noodles,https://s3-media4.fl.yelpcdn.com/bphoto/gQnUKp41bMyq1S-ctzlzGw/o.jpg,1603,Korean,4,34.06155498,-118.3043175,"[""pickup""]",$$,3630 Wilshire Blvd,Los Angeles,90010,US,CA,+12133857789,LLj451UZrvt3SkZVrEZ4ew
SongHak Korean BBQ,https://s3-media1.fl.yelpcdn.com/bphoto/vcye9LN5rVC9h-VF1GKdNg/o.jpg,387,Korean,4.5,34.06737,-118.30892,"[""delivery""]",$$,356 S Western Ave,Los Angeles,90020,US,CA,+12135294008,IBthDLHW6EPfIgOHuwhf7w
Yuk Dae Jang,https://s3-media2.fl.yelpcdn.com/bphoto/5y-hXEjEBMMuGJFopTuvFQ/o.jpg,721,Korean,4.5,34.06404114,-118.288063,"[""pickup""]",$$,3033 W 6th St,Los Angeles,90020,US,CA,+12133521331,3C2wUqSkpY4-N0O5ArVjwQ
BROKEN MOUTH | Lee's Homestyle,https://s3-media2.fl.yelpcdn.com/bphoto/PJlPMTnxBb-pxm9OkmKPhQ/o.jpg,1571,Korean,5,34.042734,-118.250779,"[""pickup""]",$$,718 S Los Angeles St,Los Angeles,90014,US,CA,+12134189588,CcqraT0cuGKYEcZ1ri_kxg
Chadolpoong,https://s3-media2.fl.yelpcdn.com/bphoto/ANa9Z9DwZHuQTvgX6ad3Pg/o.jpg,535,Korean,4.5,34.06309,-118.29754,"[""delivery""]",$$,3470 W 6th St,Los Angeles,90020,US,CA,+12132632004,vs8USEc1A480H8MnmFKs5A
Magal BBQ,https://s3-media1.fl.yelpcdn.com/bphoto/_bKr-z2qeDFcpfcefwM9BA/o.jpg,1778,Korean,4.5,34.057544,-118.3055798,"[""pickup""]",$$$,3460 W 8th St,Los Angeles,90005,US,CA,+12133831909,NrzSO_pQ88A3jSMqh_QuNg
The Kimbap,https://s3-media1.fl.yelpcdn.com/bphoto/fVigYgaazDzBa6S4_UOdng/o.jpg,787,Korean,4.5,34.06696,-118.30871,"[""delivery""]",$,400 S Western Ave,Los Angeles,90020,US,CA,+12133802174,PlQjtbZKOw7exAUfrswhNQ
Wi Korean BBQ,https://s3-media3.fl.yelpcdn.com/bphoto/RiqW9IIgd5AG4olxdXirEw/o.jpg,613,Korean,4.5,34.05045659,-118.2919668,,$$$,1101 S Vermont Ave,Los Angeles,90006,US,CA,+12133889291,7FI5FtEVMb6LNoHYTYbncA
Kinn,https://s3-media2.fl.yelpcdn.com/bphoto/Yl9Bi64umyfk-uCMj8qF1g/o.jpg,122,Korean,4.5,34.06364,-118.30812,,$$$$,3905 W 6th St,Los Angeles,90020,US,CA,+12132910888,9Ox5M2EbVDFhYdsjKzyJoA
CHD MANDU LA,https://s3-media1.fl.yelpcdn.com/bphoto/f8MqoDRXd2zvEX1XojIGNw/o.jpg,232,Korean,4.5,34.06229367,-118.2975762,"[""pickup""]",$$,3377 Wilshire Blvd,Los Angeles,90010,US,CA,+12133344333,y4X0KfHJ5XWwxMIRukVr1Q
Oakobing,https://s3-media2.fl.yelpcdn.com/bphoto/ltXtvKv_l8GasMrrjOtQ2Q/o.jpg,1697,Korean,4.5,34.0634651,-118.294319,"[""pickup""]",$$,3300 W 6th St,Los Angeles,90020,US,CA,+12133871002,4yS760klyp_nyQwDcwWQIg
JJAN,https://s3-media2.fl.yelpcdn.com/bphoto/oArUl382Y5Y8rXLvFyc3Kw/o.jpg,217,Korean,4.5,34.057493,-118.300632,"[""pickup""]",$$,3328 W 8th St,Los Angeles,90005,US,CA,+12133815838,xz66LQF-f06EtZ89Av6f3A
Goat Restaurant,https://s3-media2.fl.yelpcdn.com/bphoto/1tY7KmaIDOYTljpoi-0OBw/o.jpg,111,Korean,5,34.047509,-118.324763,"[""pickup""]",$$,4100 W Pico Blvd,Los Angeles,90019,US,CA,+13237359200,0KrITDshZGMnv1m7nunoZQ
Jinsol Gukbap La,https://s3-media1.fl.yelpcdn.com/bphoto/UKmw-cYk3Vb75fP20MBz2g/o.jpg,398,Korean,4.5,34.06918204,-118.3015013,"[""delivery""]",$$,4031 W 3rd St,Los Angeles,90020,US,CA,+12133650097,r6-usl4pPnuj9mlP-nEr_g
Yuchun,https://s3-media3.fl.yelpcdn.com/bphoto/muBLmjMewvloADBSL44hQg/o.jpg,1290,Korean,4,34.05279,-118.30607,"[""delivery""]",$$,3185 W Olympic Blvd,Los Angeles,90006,US,CA,+12133823815,xcGGRbDXSGzefu_5dI8wqA
Gol Tong Chicken,https://s3-media2.fl.yelpcdn.com/bphoto/R491zkfeikrD-q8FRY1ISg/o.jpg,1896,Korean,5,34.06742142,-118.3095264,"[""pickup""]",$$,361 S Western Ave,Los Angeles,90020,US,CA,+12137166116,bdm3708B0OJW9xDdaKVH_A
Dan Sung Sa,https://s3-media1.fl.yelpcdn.com/bphoto/hWXvbq0rqCBHxq1HNh3G3w/o.jpg,1170,Korean,4,34.063852,-118.294609,"[""delivery""]",$$,3317 W 6th St,Los Angeles,90020,US,CA,+12134879100,LiOTgwAIorn3tDQz-ZJhaA
Yup Dduk LA,https://s3-media1.fl.yelpcdn.com/bphoto/uG2FhJKRx05fmxwsFrcqjA/o.jpg,2381,Korean,4.5,34.064009,-118.3007013,"[""pickup""]",$$,3603 W 6th St,Los Angeles,90020,US,CA,+12132632355,DrToq9357afdpOyO5w0Y5w
Chosun Galbee,https://s3-media3.fl.yelpcdn.com/bphoto/ZXuKZ2YSZ46l5dPAxQzQOQ/o.jpg,1834,Korean,4,34.052144,-118.310428,"[""delivery""]",$$$,3330 W Olympic Blvd,Los Angeles,90019,US,CA,+13237343330,xinlZt7g7kCgNDoapBvdoA
Jeong Yuk Jeom,https://s3-media2.fl.yelpcdn.com/bphoto/v1tu1i3HoV6FG9uNJ9U7Sw/o.jpg,477,Korean,4,34.06296933,-118.3093167,"[""delivery""]",$$$,621 S Western Ave,Los Angeles,90005,US,CA,+12133842244,-cwr9yJXxSMQZ0GP3NkVog
Zzamong,https://s3-media2.fl.yelpcdn.com/bphoto/6AUVIwPCv8wCZ9FYeCfocw/o.jpg,1361,Korean,4,34.069295,-118.307192,"[""pickup""]",$$,4255 W 3rd St,Los Angeles,90004,US,CA,+12137392747,gWM5n5Tyo5h74t-_lp1WUA
Chung Ki Wa,https://s3-media3.fl.yelpcdn.com/bphoto/52ViPCUwo0CPfjZ4cRTJ4w/o.jpg,555,Korean,4.5,34.05274963,-118.3160934,"[""pickup""]",$$$,3545 W Olympic Blvd,Los Angeles,90019,US,CA,+13237370809,imRZsOK1s4Fpbx0wixfgXw
Ten-Raku,https://s3-media3.fl.yelpcdn.com/bphoto/E7KHcPKgHjN5Bh-Ot0qCdg/o.jpg,707,Korean,4,34.06921804,-118.305183,"[""restaurant_reservation""]",$$,4177 W 3rd St,Los Angeles,90020,US,CA,+12133808382,ctB_3PPniGMzs49wEqDF7g
hanchic.,https://s3-media1.fl.yelpcdn.com/bphoto/8yXc-O096Y4N2s7lDcoz0w/o.jpg,323,Korean,4.5,34.056578,-118.282535,"[""pickup""]",$$,2500 W 8th St,Los Angeles,90057,US,CA,+12133757095,hI1lsLwckjRqoYt1zHrVVA
Western Doma Noodles,https://s3-media1.fl.yelpcdn.com/bphoto/RWqsSnxBmtMunpG8hqlGiA/o.jpg,636,Korean,4,34.07888,-118.30937,"[""delivery""]",$$,429 N Western Ave,Los Angeles,90004,US,CA,+13238711955,3NNz-pVT_auFKzqt45D2ZA
TehranRo Grill,https://s3-media2.fl.yelpcdn.com/bphoto/-0PkmqzbZ18OcHGPDdJC8g/o.jpg,184,Persian,5,34.0666,-118.3087,"[""delivery""]",$$,414 S Western Ave,Los Angeles,90020,US,CA,+12135294111,WXikaEhId91eh1EAo45Ddg
Raffi's Place,https://s3-media2.fl.yelpcdn.com/bphoto/Sm1UdPyiNr8Iu2F-K3tSvQ/o.jpg,5981,Persian,4.5,34.1464566,-118.2533512,"[""delivery""]",$$,211 E Broadway,Glendale,91205,US,CA,+18182407411,Hd6wCJbQz81UdD_EyOumPA
Shekarchi Bar & Grill,https://s3-media2.fl.yelpcdn.com/bphoto/IMmarfmGTFD0l866DBAnhg/o.jpg,744,Persian,4.5,34.042993,-118.258397,"[""pickup""]",$$,920 S Olive St,Los Angeles,90015,US,CA,+12138928535,ltt8RYM6nxMfDTDM6RmrBA
Toranj,https://s3-media4.fl.yelpcdn.com/bphoto/dOveieht5WfxgpvLKcA3Dw/o.jpg,479,Persian,4.5,34.06026,-118.442964,"[""pickup""]",$$,10861 Lindbrook Dr,Los Angeles,90024,US,CA,+13108248188,SsQmelYytgCNxzBm0T1CCw
Taste of Tehran,https://s3-media2.fl.yelpcdn.com/bphoto/nt9VB0ESyLwnoZK69mdJ2A/o.jpg,1161,Persian,4,34.04764,-118.43542,"[""pickup""]",$$,1915 Westwood Blvd,Los Angeles,90025,US,CA,+13104700022,l2TpbvvizsNl-GBCRb8I1A
York Kabob,https://s3-media4.fl.yelpcdn.com/bphoto/fKm2H47WfUmWVXhuqee16Q/o.jpg,432,Persian,4.5,34.122494,-118.214037,"[""pickup""]",$$,4682 York Blvd,Los Angeles,90041,US,CA,+13233447443,FcRUT9viDg1V25ClpTP6VQ
Chell Sotoon Grill,https://s3-media2.fl.yelpcdn.com/bphoto/IJGAUw26aM5_gzxH2zNPaw/o.jpg,217,Persian,4.5,34.071427,-118.376189,"[""delivery""]",$$,400 S San Vicente Blvd,Los Angeles,90048,US,CA,+13106593242,LYVDeb2iF1DqFYc0ASXnYQ
Kabob By Faraj Restaurant & Kosher Meat Market,https://s3-media4.fl.yelpcdn.com/bphoto/frY0v4inqhwi_IFGiI0Mrw/o.jpg,299,Persian,4.5,34.0540991,-118.3809107,"[""pickup""]",$$,8680 W Pico Blvd,Los Angeles,90035,US,CA,+13106574447,v5_dNxHg1F5Y-h_nSeLVow
Jino's Pars - Persian Restaurant,https://s3-media2.fl.yelpcdn.com/bphoto/kfR9czyrUteTqJXHCRzASw/o.jpg,627,Persian,4,33.959526,-118.384278,"[""pickup""]",$$,5844 W Manchester Ave,Los Angeles,90045,US,CA,+13106456666,zFaOwOIpnv-FhVnZ93TYYg
Laziz Grill,https://s3-media3.fl.yelpcdn.com/bphoto/Ib6Z9L1u2uet3JrwHDMmjA/o.jpg,97,Persian,4.5,34.04841401,-118.4354134,"[""pickup""]",$$,1896 Westwood Blvd,Los Angeles,90025,US,CA,+13104742436,VWRUywup9B4dwTzhUs4MrA
Farsi Cafe,https://s3-media3.fl.yelpcdn.com/bphoto/ZlQdzP6viCVbWnDIa4lg7w/o.jpg,591,Persian,4,34.047995,-118.4349567,"[""pickup""]",$$,1916 Westwood Blvd,Los Angeles,90025,US,CA,+13104754500,pzO0aSiIzI8BCzuaUIabmg
California Kabob Kitchen,https://s3-media2.fl.yelpcdn.com/bphoto/Jux7687urh2IyeqZd_imEA/o.jpg,267,Persian,4.5,34.03999,-118.25899,"[""pickup""]",$$,141 W 11th St,Los Angeles,90015,US,CA,+12137479500,Z6_Gitnw1JV-KIJYioFtHA
Café Glacé,https://s3-media1.fl.yelpcdn.com/bphoto/4ej8Iqvr_TCt4tLwIXBlcw/o.jpg,428,Persian,4,34.05447997,-118.4412863,"[""pickup""]",$$,1441 Westwood Blvd,Los Angeles,90024,US,CA,+13104788080,tqSbtO_2ZYYB1-eORVwfzw
Kabab and More,https://s3-media3.fl.yelpcdn.com/bphoto/b_PP2gxWPkA7dSDA56LigA/o.jpg,134,Persian,4.5,34.0463373,-118.2542688,"[""pickup""]",$$,663 S Hill St,Los Angeles,90014,US,CA,+12136210443,JxUG-uHor8dwUGNfvW5MaQ
Naab Café,https://s3-media3.fl.yelpcdn.com/bphoto/XKw31XMYPSxw2BMhOE1p_w/o.jpg,630,Persian,4,34.05726,-118.44329,"[""pickup""]",$$,1269 Westwood Blvd,Los Angeles,90024,US,CA,+13104730303,MOeohUxfAsjOSw4d_C15dg
Attari Sandwich Shop,https://s3-media1.fl.yelpcdn.com/bphoto/V22vxAo9UDVCnsnCpKzV1Q/o.jpg,726,Persian,4,34.05544206,-118.4416082,"[""pickup""]",$$,1388 Westwood Blvd,Los Angeles,90024,US,CA,+13104415488,Ai2Sxk3NGbY2YKwN_swwYA
Shayan Express Restaurant,https://s3-media1.fl.yelpcdn.com/bphoto/seg7Qr0RYvBlBsskxXEN4Q/o.jpg,145,Persian,4.5,34.03795,-118.25319,"[""pickup""]",$$,945 S Wall St,Los Angeles,90015,US,CA,+12136237000,vtK8-BFDUBRqNlTDKkRiKg
Shamshiri Grill,https://s3-media4.fl.yelpcdn.com/bphoto/TcQp7QoeIrhGodpgnGE3qw/o.jpg,1711,Persian,3.5,34.0515924,-118.4383808,"[""delivery""]",$$,1712 Westwood Blvd,Los Angeles,90024,US,CA,+13104741410,YUrZwn46B-t_NRL-_eW1oQ
Kaban Persian Restaurant,https://s3-media2.fl.yelpcdn.com/bphoto/NMhSn716jwVuXaDRPXRhZQ/o.jpg,186,Persian,4.5,34.12988346,-118.3487304,"[""pickup""]",$$,3250 Cahuenga Blvd W,Los Angeles,90068,US,CA,+13234980080,En6b8WvIkaOZq0-NkiiWTA
Farid Restaurant,https://s3-media2.fl.yelpcdn.com/bphoto/dCrK8uvX9fBPdmRtF-CtnA/o.jpg,83,Persian,4,34.0458517,-118.2529937,"[""pickup""]",$$,635 S Broadway,Los Angeles,90014,US,CA,+12136220808,4MNpF8yY9moFqUbpyzulIQ
Grillers Mediterranean Kitchen,https://s3-media2.fl.yelpcdn.com/bphoto/4Wu_IiPMiY19VW2xcCy39A/o.jpg,130,Persian,5,34.15259,-118.25549,"[""pickup""]",$$,425 N Brand Blvd,Glendale,91203,US,CA,+18189455525,GRNSfPEDR9_4MdRnGH5fVA
Green Grill Mediterranean Cuisine,https://s3-media4.fl.yelpcdn.com/bphoto/f8vx0jM3qvDSxVxI5snT0A/o.jpg,41,Persian,4.5,34.0567281,-118.2081844,"[""pickup""]",$$,2000 Marengo St D,Los Angeles,90033,US,CA,+13233322252,lp1IQjCXXb0PhWD4KcCF-Q
Diplomat Restaurant,https://s3-media2.fl.yelpcdn.com/bphoto/YV-0jdef-0rorMxUYQVfpA/o.jpg,25,Persian,5,34.05028,-118.43778,"[""delivery""]",$$$,1783 Westwood Blvd,Los Angeles,90024,US,CA,+13104000715,F-Sd0WrHJuWAcWa6VkiT5g
Tehran Restaurant,https://s3-media2.fl.yelpcdn.com/bphoto/sZTPM3mKk-HtF8kU_40JdA/o.jpg,212,Persian,4,34.0630824,-118.3838809,"[""pickup""]",$$,265 S Robertson Blvd,Beverly Hills,90211,US,CA,+13108557290,9fPOWsB4FnlwAKP1-VUSRA
Shiraz,https://s3-media2.fl.yelpcdn.com/bphoto/kYiVE1ZsuHRH0uW9okeqJQ/o.jpg,819,Persian,4,34.14411,-118.24869,"[""pickup""]",$$,211 S Glendale Ave,Glendale,91205,US,CA,+18185004948,70vdsYbr-BWUzak9RE3YOw
Rosemary Grill DTLA,https://s3-media2.fl.yelpcdn.com/bphoto/K9ESRhxE6VgXMVdkAEEAcg/o.jpg,39,Persian,4.5,34.04654,-118.25596,"[""pickup""]",,510 W 7th,Los Angeles,90014,US,CA,+18557452262,0-NjlgMEZ8t7kNZDCd2YfA
Pink Orchid,https://s3-media1.fl.yelpcdn.com/bphoto/71GX6_uVf_zZj9Fb8vWb4w/o.jpg,514,Persian,3.5,34.04731,-118.43513,"[""pickup""]",$$,1927 Westwood Blvd,Los Angeles,90025,US,CA,+13104414410,c9cIJKvxsKPw1qRx_-HM1w
Mediterranean Delight,https://s3-media2.fl.yelpcdn.com/bphoto/r-z8GI9UloGDM5COeyeS_w/o.jpg,90,Persian,4,34.0451803,-118.2549456,"[""pickup""]",$$,726 S Hill St,Los Angeles,90014,US,CA,+12134891660,JgwivnG17XDFnMAGHUCpsw
Cafe Aly,https://s3-media1.fl.yelpcdn.com/bphoto/njJKMRuPRtnjLnkh_Ia20Q/o.jpg,33,Persian,5,34.0348057,-118.2579847,"[""pickup""]",$,310 E Pico Blvd,Los Angeles,90015,US,CA,+12137456766,jsAlro-yfLHx5TrET1G--A
Herand’s Kitchen,https://s3-media2.fl.yelpcdn.com/bphoto/ld2JmBHjCsBccdSWaE_Jjw/o.jpg,119,Persian,4.5,34.16016583,-118.2547596,"[""pickup""]",,946 N Brand Blvd,Glendale,91202,US,CA,+18183965617,Cq1Xcq8DBJZLdYA_pyZolw
Arthur's Garden,https://s3-media3.fl.yelpcdn.com/bphoto/flIFTsfBWCOtM6osgqmGnA/o.jpg,81,Persian,4,34.0266113,-118.2427979,"[""delivery""]",$$,1240 Hooper Ave,Los Angeles,90021,US,CA,+12137457210,ArhjjEbhCoEtaWyAHiBBhA
Moon Mart Kabab,https://s3-media1.fl.yelpcdn.com/bphoto/JHtXZAyH2TNTZjXdVcYlmw/o.jpg,201,Persian,4.5,34.14153,-118.24937,"[""pickup""]",$$,400 S Glendale Ave,Glendale,91205,US,CA,+18182412314,M_dSo9Idg2r5OTFxHp0PgQ
Pardis,https://s3-media1.fl.yelpcdn.com/bphoto/8JGKeZzym039c8l6VsTOjw/o.jpg,304,Persian,4,34.15723967,-118.2408187,"[""restaurant_reservation""]",$$,738 N Glendale Ave,Glendale,91206,US,CA,+18184848470,BuDHqAvNYloF-IGIxjP4lw
Red Fish Kitchen,https://s3-media3.fl.yelpcdn.com/bphoto/zr_0Xqk8dWQUXpbOfNpvuQ/o.jpg,57,Persian,4,34.05532837,-118.3852158,"[""delivery""]",$$$$,8879 W Pico Blvd,Los Angeles,90035,US,CA,+13103855813,ZfHO3reY56DliVYFtvDP1g
Nayeb Kabab,https://s3-media4.fl.yelpcdn.com/bphoto/fJsUFHgYn9tEL7w5ImxeLQ/o.jpg,46,Persian,4.5,34.0354699,-118.25933,"[""delivery""]",$,1300 S Los Angeles St,Los Angeles,90015,US,CA,+12137464800,wfPL9HN8BKwk6Q5dDzIb0Q
Flame Persian Cuisine,https://s3-media3.fl.yelpcdn.com/bphoto/zI_OF9V1M2Sy2HbS2IPodA/o.jpg,487,Persian,3.5,34.0545837,-118.4409359,"[""pickup""]",$$,1442 Westwood Blvd,Los Angeles,90024,US,CA,+13104703399,ZwR15di9uEs03euVPq1-pA
World Cafe,https://s3-media2.fl.yelpcdn.com/bphoto/94Hp_9f-MaloMFaOEefz8Q/o.jpg,119,Persian,5,34.15008545,-118.2362061,"[""pickup""]",$,301 N Verdugo Rd,Glendale,91206,US,CA,+18184848363,NZdb5Y1lP2C6hccAPZbfsw
Kurosh Persian Restaurant,https://s3-media3.fl.yelpcdn.com/bphoto/BOfuYcEHha_bxE3fLuZ2iA/o.jpg,50,Persian,4,34.065143,-118.378101,"[""pickup""]",,8560 Wilshire Blvd,Beverly Hills,90211,US,CA,+13105825808,xt0UfrleYOtIukJ1jD6S7w
Massis Kabob - The Original Kabobery,https://s3-media1.fl.yelpcdn.com/bphoto/KHrZFRE6oqeeHzRc8uXZHA/o.jpg,350,Persian,3,34.05789893,-118.4192835,"[""pickup""]",$$,10250 Santa Monica,Los Angeles,90067,US,CA,+13105564400,pvldEcMFvqEpQj9GvyT_hg
Kolah Farangi,https://s3-media2.fl.yelpcdn.com/bphoto/cbaM0zQFhFa80OVdoIS5sQ/o.jpg,226,Persian,3,34.054925,-118.391842,"[""pickup""]",$$,9180 W Pico Blvd,Los Angeles,90035,US,CA,+13102744007,sF4Yp9uv38wQxolC95jvHA
Shamshiri Restaurant,https://s3-media3.fl.yelpcdn.com/bphoto/ki0FO_dI70cFO03EC9G7NA/o.jpg,399,Persian,3.5,34.16349627,-118.2561708,"[""pickup""]",$$,122 W Stocker St,Glendale,91202,US,CA,+18182469541,B57MEeC3qT_cg72FTrNUOQ
Downtown Kabob,https://s3-media1.fl.yelpcdn.com/bphoto/sNSucS5ZBKs3uNJPJ4LQMg/o.jpg,91,Persian,3,34.0399934,-118.2550822,"[""delivery""]",$,934 S Los Angeles St,Los Angeles,90015,US,CA,+12136120222,EOe_y1xvL7vDVSsMo3pSfg
Sandwich 26,,5,Persian,5,34.03995558,-118.2527154,,$$,305 E 9th St,Los Angeles,90015,US,CA,,LUghlUTk1SiHNHpq10fT2A
Massis Kabob - The Original Kabobery,https://s3-media1.fl.yelpcdn.com/bphoto/uwujhD6eNzA9376wLh0mJQ/o.jpg,424,Persian,3,34.14508661,-118.2589656,"[""pickup""]",$$,1132 Glendale Galleria,Glendale,91210,US,CA,+18182407375,o6rF7tsd6o27Di0uLJYAaw
Borani Kitchen,https://s3-media2.fl.yelpcdn.com/bphoto/vaV-l3JvSgRb5iRsdp_92A/o.jpg,3,Persian,3.5,34.07558823,-118.2997131,"[""pickup""]",,,Los Angeles,90004,US,CA,+13109530040,_nqf0duMDoq8tfbVJAXHkw
Massis Kabob - The Original Kabobery,https://s3-media2.fl.yelpcdn.com/bphoto/vYHORB0VLKGY2_31F2reZw/o.jpg,425,Persian,3,34.156494,-118.437159,"[""pickup""]",$$,14006 Riverside Dr,Sherman Oaks,91423,US,CA,+18187834850,5QG8IRz50iscdgDi-pO56A
Massis Kabob - The Original Kabobery,https://s3-media1.fl.yelpcdn.com/bphoto/7PsvW6dWc2SmMCih2FoADw/o.jpg,141,Persian,3,33.98589723,-118.3926952,"[""pickup""]",$$,6000 Sepulveda Blvd,Culver City,90230,US,CA,+13105727200,1gC8p8ZEKQD1InSMQnRt5w
Massis Kabob - The Original Kabobery,https://s3-media1.fl.yelpcdn.com/bphoto/NoAQT3FFDAv6hqnxUmitPA/o.jpg,106,Persian,2.5,34.14232,-118.24974,"[""pickup""]",$$,301 S Glendale Ave,Glendale,91205,US,CA,+18182804420,0hnoLW5k2bjoUtr7ChiWAg
Sholeh,https://s3-media3.fl.yelpcdn.com/bphoto/7h7GWhoH5c5eP0od0wbqCg/o.jpg,44,Persian,2.5,34.0545639,-118.4409461,,$$,1442 Westwood Blvd,Los Angeles,90024,US,CA,+13104745105,Q_MHYVh2F9q0dNrFmchc0g
Ayhan Kabob,https://s3-media3.fl.yelpcdn.com/bphoto/nIo3fI4_txGvAdcEJ7mAjQ/o.jpg,1,Persian,5,34.04775,-118.43486,"[""pickup""]",,1922 Westwood Blvd,Los Angeles,90025,US,CA,+17023388067,pIfqVLZt4SW467cyCq1c-A
